{"application.css":{"digested_path":"application-4acb9e75.css","integrity":null},"components/theme-toggle.css":{"digested_path":"components/theme-toggle-5c27d117.css","integrity":null},"homepage.css":{"digested_path":"homepage-d53a0991.css","integrity":null},"messages.css":{"digested_path":"messages-cbc199fe.css","integrity":null},"posts.css":{"digested_path":"posts-cd06cada.css","integrity":null},"layout.css":{"digested_path":"layout-779c116f.css","integrity":null},"users.css":{"digested_path":"users-1197c056.css","integrity":null},"mobile.css":{"digested_path":"mobile-26c366b2.css","integrity":null},"design-system.css":{"digested_path":"design-system-7f3b5996.css","integrity":null},"hosting.css":{"digested_path":"hosting-e01876bb.css","integrity":null},"stimulus.min.js":{"digested_path":"stimulus.min-4b1e420e.js","integrity":null},"stimulus.js":{"digested_path":"stimulus-d59b3b7f.js","integrity":null},"stimulus.min.js.map":{"digested_path":"stimulus.min-2395e199.js.map","integrity":null},"stimulus-importmap-autoloader.js":{"digested_path":"stimulus-importmap-autoloader-64cc03e1.js","integrity":null},"stimulus-autoloader.js":{"digested_path":"stimulus-autoloader-9d447422.js","integrity":null},"stimulus-loading.js":{"digested_path":"stimulus-loading-1fc53fe7.js","integrity":null},"turbo.min.js.map":{"digested_path":"turbo.min-5f3b7fda.js.map","integrity":null},"turbo.js":{"digested_path":"turbo-a1e3a50a.js","integrity":null},"turbo.min.js":{"digested_path":"turbo.min-3a2e143f.js","integrity":null},"actiontext.esm.js":{"digested_path":"actiontext.esm-f1c04d34.js","integrity":null},"actiontext.js":{"digested_path":"actiontext-a4ee937e.js","integrity":null},"trix.js":{"digested_path":"trix-4b540cb5.js","integrity":null},"trix.css":{"digested_path":"trix-65afdb1d.css","integrity":null},"action_cable.js":{"digested_path":"action_cable-5212cfee.js","integrity":null},"actioncable.esm.js":{"digested_path":"actioncable.esm-e0ec9819.js","integrity":null},"actioncable.js":{"digested_path":"actioncable-ac25813f.js","integrity":null},"activestorage.esm.js":{"digested_path":"activestorage.esm-f2909226.js","integrity":null},"activestorage.js":{"digested_path":"activestorage-32201f68.js","integrity":null},"rails-ujs.esm.js":{"digested_path":"rails-ujs.esm-e925103b.js","integrity":null},"rails-ujs.js":{"digested_path":"rails-ujs-20eaf715.js","integrity":null}}